sku,quantity
0A-ZUII-DI5I,1
0G-669K-N99I,2
0S-OR5F-SJTG,1
0W-LGWG-98E2,1
0X-2G92-H65I,3
0Z-P5QU-N01H,2
127814,8
128621,13
128622,10
136640,16
137998,8
139435,69
141040,100
141668,25
142720,7
142721,10
142755,6
143443,100
143862,7
145091,7
145092,6
145116,7
145117,9
145118,6
145192,9
145197,6
145202,7
145207,7
145222,10
146707,26
147168,6
147170,6
147174,7
147186,7
147794,7
147941,100
147943,100
148074,24
148418,100
148990,41
150236,100
151406,7
151550,33
151551,27
151629,14
151630,6
151631,13
152915,6
153670,7
153671,6
153680,11
154560,78
154563,12
154565,28
154567,13
154637,14
154645,11
154895,100
154897,100
155316,21
155341,6
155422,21
155424,15
155433,63
155560,6
155817,100
155819,34
156370,20
157107,100
157594,40
157764,32
157766,31
157775,28
157782,98
157787,76
158656,6
158676,10
158716,8
159327,18
159542,6
160626,11
160629,12
161729,48
162193,8
162197,13
162400,9
162537,19
162983,7
162984,20
163291,42
163341,6
163345,8
163567,51
163569,31
163572,50
163593,54
163694,56
163724,11
164069,24
164087,100
164201,31
164277,19
164784,44
164785,41
165254,100
165278,11
165288,20
165547,69
166131,17
166610,29
166663,59
166674,58
166680,14
166681,41
166691,56
166700,56
167133,7
167134,8
167653,9
167655,73
167781,100
168364,12
168909,8
168911,27
168912,52
168926,100
169143,11
169147,25
169475,6
169477,41
169562,8
169717,6
169719,6
169775,40
169778,23
169779,100
17-6J06-3JVQ,3
170561,33
171027,7
171354,10
171355,100
171630,16
171631,30
171787,63
171909,6
172082,6
172110,14
172111,16
172113,17
172117,7
172233,26
172234,29
172235,31
172251,28
172315,41
172317,32
172319,21
172422,24
172423,21
172489,27
172490,26
172512,6
172516,14
172520,11
172521,38
172522,7
172588,25
172630,21
172830,45
172831,60
172832,41
172866,33
172868,59
172869,53
172870,57
172871,47
172901,20
172925,16
173057,9
173058,8
173555,30
173561,22
173620,13
174089,6
174152,15
174360,16
174361,20
174499,25
174501,17
174502,57
174503,41
174506,15
174507,36
174509,11
174510,30
174511,27
174557,16
174564,34
174873,11
175248,83
175253,96
175382,100
175547,16
175555,14
175569,49
175571,34
175584,49
175787,14
175919,21
175929,16
175980,44
175981,28
175985,16
175986,32
175987,21
175988,52
176186,9
176356,100
176376,59
176486,66
176521,100
176621,75
176623,56
176673,24
176697,6
176842,36
176895,54
176961,22
177516,28
177797,100
177860,7
177861,7
177903,31
177931,32
177938,82
177939,100
177943,20
177944,10
177947,10
177969,20
177970,11
177971,6
177993,34
178095,24
178490,1
178635,64
178657,2
178665,5
178691,1
178692,8
178694,6
178697,1
178699,4
178774,7
178775,23
178787,35
178936,9
179318,36
179319,24
179320,16
179322,19
179323,9
179343,100
179344,100
179349,35
179352,13
179405,8
179424,2
179433,4
179434,3
179435,6
179439,4
179440,8
179441,2
179564,7
179570,1
179583,1
179591,6
179610,1
179641,11
179698,1
179699,1
179728,10
179957,8
179958,39
179959,46
179960,46
180012,6
180109,11
180114,57
180117,24
180119,13
180337,22
180403,7
180510,2
180512,5
180584,2
180586,2
180587,7
180588,7
180775,20
180872,1
181182,29
181202,9
181204,7
181207,15
181208,15
181211,14
181212,28
181214,40
181421,79
181506,88
181526,13
181539,24
181551,65
181560,9
181566,12
181571,35
181576,37
181705,11
181735,100
181775,1
181776,4
181905,1
181906,1
181908,7
181928,2
181935,9
181936,9
181992,100
181994,100
182020,46
182033,6
182076,3
182086,19
182099,100
182219,24
182653,24
182654,10
182674,10
182675,31
182677,30
182678,28
182682,70
182786,29
182813,4
182816,3
182864,35
182913,53
182914,59
182916,64
183061,22
183114,100
183172,8
183173,16
183217,8
183229,14
183239,7
183243,42
183249,100
183259,100
183261,100
183344,23
183374,13
183377,35
183392,12
183393,25
183394,12
183396,17
183397,21
183398,2
183400,52
183401,8
183402,59
183403,19
183422,18
183423,19
183453,7
183462,5
183464,28
183465,33
183466,22
183468,18
183469,26
183470,16
183503,6
183506,18
183522,7
183571,32
183629,17
183633,4
183634,9
183647,9
183650,17
183900,14
183902,16
183903,8
183904,33
183908,83
183909,15
183935,57
184067,8
184117,15
184188,20
184198,2
184208,44
184213,50
184218,100
184223,100
184231,100
184283,4
184304,100
184375,4
184456,25
184524,6
184527,26
184528,20
184560,5
184664,11
184681,1
184683,1
184684,1
184738,100
184783,100
184799,19
184842,31
184845,13
184846,32
184862,100
184868,38
184877,87
184935,100
184981,6
185140,57
185228,100
185234,8
185262,13
185268,18
185345,13
185347,46
185351,72
185381,18
185387,100
185388,14
185471,8
185472,12
185473,11
185474,8
185476,7
185477,11
185478,5
185479,8
185481,9
185482,10
185483,10
185486,5
185488,5
185491,9
185492,10
185493,11
185494,7
185495,4
185496,2
185497,4
185498,5
185499,6
185523,10
185550,37
185584,100
185585,100
185605,3
185617,5
185618,3
185623,21
185654,1
185662,33
185676,16
185738,34
185839,1
185941,12
185942,1
185943,22
185947,2
185948,3
185950,5
185951,4
185952,1
185954,5
185957,3
186007,21
186030,2
186080,1
186101,3
188027,10
188124,10
188125,10
188129,37
188313,12
188382,6
188937,14
188938,22
189136,100
189137,100
189138,100
189156,100
189161,77
189162,8
189276,20
189818,24
189843,12
190131,20
190172,28
190292,25
190293,66
190308,21
190309,55
190316,76
190320,17
190401,1
190479,6
190480,1
190481,1
190551,2
190635,12
190636,10
190637,9
190638,10
190639,3
190640,9
190641,6
190642,9
190643,7
190644,2
190659,7
190660,3
190661,4
190682,1
190697,3
190763,25
190808,7
190812,7
190816,10
190820,63
190833,6
190888,44
190899,34
190918,36
190927,12
190936,12
191115,13
191149,35
191157,19
191159,37
191347,30
191492,2
191508,1
191783,58
191857,1
191892,7
191951,5
191962,12
191964,1
191966,43
191967,99
191968,100
191970,2
191979,19
191980,6
191982,2
192002,61
192003,22
192004,80
192005,4
192006,17
192038,71
192039,100
192041,100
192042,100
192043,19
192048,83
192049,100
192055,2
192079,8
192117,16
192118,6
192119,2
192120,8
192197,1
192220,46
192227,38
192346,11
192471,100
192512,100
192514,100
192515,7
192523,7
192525,8
192769,22
192787,100
192788,100
192790,8
192791,14
192807,21
192816,43
192821,8
192833,33
192872,34
192901,6
192902,43
192958,20
192981,28
192991,6
192992,17
193025,100
193026,97
193027,8
193030,19
193031,18
193045,19
193048,32
193049,33
193050,56
193051,40
193053,10
193057,9
193058,3
193062,4
193063,22
193067,10
193144,39
193187,57
193192,23
193196,13
193207,53
193208,100
193210,94
193221,7
193292,26
193306,23
193308,48
193311,34
193359,3
193410,6
193423,100
193544,100
193551,6
193558,7
193570,11
193571,13
193580,47
193581,33
193594,12
193595,2
193601,15
193656,4
193658,13
193663,6
193667,1
193670,21
193671,15
193672,4
193673,2
194018,65
194020,19
194021,8
194023,10
194032,51
194034,16
194036,10
194038,20
194050,35
194056,18
194068,51
194069,50
194081,100
194161,1
194165,3
194211,1
194212,8
194237,16
194238,11
194256,100
194257,100
194258,100
194259,38
194280,5
194286,8
194288,1
194289,8
194303,100
194321,100
194338,9
194445,6
194501,13
194518,10
194569,1
194570,14
194571,9
194611,15
194645,12
194654,18
194655,6
194657,35
194659,11
194670,16
194673,6
194678,24
194715,100
194725,11
194818,51
194820,3
194821,53
195095,100
195096,56
195097,23
195100,10
195102,100
195103,100
195109,100
195110,100
195111,100
195113,76
195116,100
195125,100
195126,100
195127,100
195128,100
195129,97
195142,55
195144,22
195149,5
195150,100
195152,74
195479,100
195604,18
195963,8
195964,20
195973,9
195976,4
195977,22
195978,1
195981,47
195997,27
195998,6
196004,10
196171,10
196178,55
196226,6
196227,10
196229,23
196230,15
196231,22
196232,7
196233,23
196235,46
196536,10
196616,5
196626,2
197183,7
197184,10
197185,6
197329,100
197331,92
197332,55
197335,100
197339,46
197352,11
197355,15
197449,82
197450,18
197451,100
197452,81
197560,10
197572,11
197691,50
197694,61
197698,16
197700,7
197702,23
197706,28
197708,66
197714,9
197726,26
197728,36
197730,9
197731,17
197846,7
197898,93
197976,43
198061,52
198062,61
198063,50
198134,7
198227,8
198228,4
198229,6
198230,24
198231,10
198437,7
198458,100
198460,42
198462,51
198463,100
198464,100
198465,100
198466,100
198469,100
198478,100
198483,100
198484,95
198487,100
198488,100
198503,2
198506,100
198509,100
198524,100
198559,57
198653,61
198655,13
198656,7
198657,5
198658,7
198659,1
198662,2
198699,1
198712,6
198715,3
198717,3
198720,5
198749,16
198761,8
198764,20
199213,8
199222,1
199224,1
199281,2
199308,7
199368,6
199408,13
199439,6
199440,7
199444,14
199445,16
199446,7
199455,6
199457,7
199458,2
199466,87
199480,2
199558,16
199573,28
199615,19
199616,49
199625,35
199629,36
199638,65
199641,17
199647,16
199653,2
199654,2
199655,1
199733,100
199734,57
199735,100
199736,100
199740,24
199744,30
199745,32
199748,55
199768,100
199771,29
199774,15
199776,30
199824,15
199826,10
199832,2
199878,100
1F-MY24-OJ74,1
1J-N85S-6OJF,3
1M-D05M-TF4X,1
1O-S8ZN-WTLH,3
1Q-E0JT-GBSB,3
1S-9ZZ7-4KQ8,1
1S-EMRG-55LU,1
1T-1RMP-AO02,1
1X-KRA3-OA4H,1
200003,3
200082,57
200083,34
200084,84
200099,21
200107,6
200108,4
200185,6
200188,1
200236,6
200423,8
200432,88
200475,100
200499,8
200501,4
200507,68
200530,11
200531,22
200532,14
200540,35
200545,100
200546,100
200547,4
200548,64
200549,24
200554,20
200555,35
200556,37
200557,29
200558,25
200560,7
200561,9
200564,5
200566,7
200568,7
200578,6
200591,7
200592,12
200594,37
200688,100
200689,72
200690,4
200725,4
200761,14
200777,27
200778,9
200779,29
200789,5
200898,66
200910,13
200914,94
200916,100
200917,11
200920,52
200921,48
200923,99
200927,9
200928,69
200937,34
200950,29
200969,15
200970,7
200971,12
200985,3
200995,4
200998,16
201048,24
201053,18
201093,4
201168,11
201184,8
201185,27
201186,35
201188,18
201189,13
201190,12
201250,11
201315,100
201316,100
201372,2
201411,23
201460,13
201461,20
201463,12
201464,100
201469,24
201471,33
201475,47
201476,30
201477,38
201562,11
201564,19
201592,36
201596,6
201602,85
201604,49
201605,25
201626,56
201661,47
201952,43
201971,1
201973,1
201976,6
201977,6
201990,6
201993,3
201995,6
202010,10
202011,9
202042,3
202045,16
202046,17
202054,10
202261,9
202268,46
202304,19
202305,12
202313,6
202318,22
202320,23
202322,8
202325,40
202331,17
202332,14
202333,26
202335,39
202359,12
202360,2
202379,34
202382,53
202384,24
202385,22
202386,100
202387,56
202409,5
202433,6
202442,13
202478,39
202518,8
202556,8
202557,12
202558,12
202607,36
202612,20
202619,16
202659,70
202667,6
202669,6
202748,100
202776,41
202777,98
202796,29
202827,100
202828,100
202829,100
202830,100
202860,100
202861,100
202862,34
202866,100
202883,100
202888,29
202890,20
202894,49
202896,100
202897,100
202903,6
202906,40
203012,100
203013,2
203014,46
203016,27
203021,16
203034,8
203039,8
203067,8
203068,18
203069,20
203076,7
203131,45
203132,68
203168,12
203260,100
203341,14
203343,49
203349,74
203354,20
203355,15
203356,100
203365,78
203366,100
203369,33
203370,100
203376,59
203377,100
203378,15
203380,13
203384,30
203385,26
203387,74
203388,55
203452,16
203481,74
203508,6
203515,11
203516,50
203517,16
203521,1
203524,1
203525,4
203526,100
203527,100
203530,20
203532,100
203533,100
203535,9
203536,53
203555,49
203556,20
203562,14
203563,11
203578,12
203579,6
203580,13
203601,100
203613,29
203615,68
203620,100
203622,100
203624,100
203630,97
203633,28
203635,25
203640,32
203641,100
203642,100
203643,100
203644,72
203646,27
203647,100
203648,100
203649,100
203650,100
203651,100
203654,13
203658,100
203659,100
203660,100
203662,100
203663,100
203665,100
203667,100
203668,70
203669,65
203673,18
203681,79
203764,8
203767,8
203768,34
203789,7
203792,7
203845,13
203846,2
203851,21
203852,14
203921,38
203922,13
203923,21
203924,22
203930,90
203931,100
203932,100
203933,47
203934,17
203936,100
203939,100
203940,100
203941,100
203943,100
203944,22
203945,29
203946,100
203947,63
203949,100
203964,2
203967,100
203969,100
203975,12
203978,47
203979,19
203991,100
203992,9
203994,27
203996,15
203999,22
204001,13
204002,57
204007,10
204008,23
204009,6
204034,16
204048,55
204092,10
204107,7
204108,29
204113,100
204133,34
204194,100
204213,63
204214,100
204244,30
204274,94
204276,41
204277,42
204287,6
204289,17
204307,44
204310,11
204337,2
204338,9
204346,15
204413,100
204420,25
204433,15
204434,70
204436,48
204437,28
204438,45
204440,100
204441,100
204442,100
204444,100
204445,89
204446,100
204457,84
204461,23
204463,47
204464,8
204474,16
204476,17
204477,100
204479,100
204481,100
204518,7
204585,6
204591,11
204596,10
204606,26
204621,38
204624,19
204625,23
204626,5
204630,100
204632,100
204633,100
204636,28
204642,23
204643,29
204672,13
204673,8
204701,30
204702,37
204703,6
204717,16
204720,5
204721,21
204770,100
204968,9
204969,10
204970,9
204986,4
204987,11
204988,4
204989,15
204990,21
204991,6
205004,43
205005,7
205006,80
205007,58
205008,100
205009,100
205014,64
205015,78
205016,25
205018,25
205019,100
205020,100
205023,100
205024,21
205042,18
205047,6
205054,3
205057,11
205153,23
205154,26
205155,32
205156,39
205157,20
205163,34
205164,27
205247,36
205248,13
205339,15
205409,100
205410,100
205428,41
205430,100
205436,27
205438,41
205439,22
205440,45
205442,10
205443,43
205444,53
205445,37
205446,12
205447,47
205448,50
205449,43
205450,45
205451,56
205453,21
205454,67
205455,7
205463,9
205465,6
205475,31
205476,25
205477,19
205499,2
205543,8
205548,7
205567,46
205570,22
205650,7
205664,5
205665,4
205666,3
205671,2
205674,6
205675,4
205676,5
205677,3
205678,6
205679,6
205680,5
205681,4
205693,5
205696,5
205697,5
205698,4
205735,62
205737,27
205738,22
205739,10
205741,13
205833,10
205840,13
205862,100
205863,65
205876,8
205877,7
205879,4
205880,4
205883,2
205884,4
205885,5
205886,4
205887,3
205984,30
205985,27
206091,21
206092,27
206093,14
206104,24
206136,100
206155,8
206156,9
206163,62
206164,25
206165,72
206167,14
206170,19
206171,26
206175,81
206176,57
206179,18
206180,76
206182,42
206183,54
206184,42
206185,23
206186,100
206188,100
206189,32
206192,100
206204,11
206205,7
206212,63
206216,34
206217,29
206218,28
206219,35
206221,23
206222,7
206223,9
206246,5
206263,7
206284,13
206287,19
206292,5
206293,3
206294,7
206296,5
206297,11
206298,9
206299,6
206300,13
206301,2
206302,4
206303,2
206308,18
206309,26
206310,1
206311,100
206312,100
206313,100
206314,100
206315,100
206319,6
206320,39
206321,15
206322,36
206323,17
206324,45
206326,19
206328,100
206329,100
206330,100
206331,100
206332,1
206335,18
206339,9
206341,100
206343,100
206344,11
206345,100
206349,100
206350,69
206351,100
206378,9
206384,10
206385,8
206386,9
206387,13
206388,19
206389,22
206390,15
206394,25
206397,3
206398,50
206404,38
206406,25
206433,6
206434,29
206500,100
206505,100
206531,11
206533,10
206583,6
206659,6
206663,3
206664,2
206665,12
206675,4
206677,3
206678,4
206683,100
206684,100
206729,6
206732,29
206737,8
206748,68
206814,9
206902,16
206921,7
206922,15
206923,22
206924,9
206940,18
206955,35
207121,52
207132,6
207137,15
207227,14
207331,16
207332,8
207353,97
207356,67
207357,35
207373,8
207421,18
207424,26
207431,15
207437,100
207438,100
207440,20
207442,25
207444,100
207446,26
207448,100
207449,100
207450,83
207451,83
207452,100
207453,100
207454,22
207455,12
207457,8
207459,7
207471,15
207480,7
207481,4
207482,25
207486,24
207522,32
207533,8
207552,8
207558,12
207559,8
207578,29
207580,24
207592,17
207593,9
207595,23
207597,19
207598,46
207599,7
207602,19
207605,16
207652,12
207711,19
207769,20
207771,15
207772,7
207781,18
207943,54
207952,13
208053,8
208054,8
208055,54
208056,100
208057,100
208059,21
208060,18
208064,22
208065,14
208067,29
208080,15
208081,12
208087,9
208088,7
208091,80
208092,14
208094,100
208095,19
208096,100
208098,33
208100,6
208114,34
208142,24
208144,45
208146,15
208162,20
208166,7
208342,13
208343,20
208352,100
208353,75
208586,64
208587,100
208600,16
208609,17
208613,17
208615,28
208616,15
208617,13
208653,3
208654,3
208656,2
208708,1
208769,27
208771,35
208778,100
208866,8
208874,6
209023,6
209024,6
209025,7
209041,11
209056,10
209071,3
209080,5
209083,3
209084,1
209111,31
209115,20
209121,10
209122,10
209128,18
209129,17
209130,21
209131,17
209133,14
209135,44
209137,27
209139,100
209141,27
209143,14
209144,100
209150,36
209151,32
209152,29
209153,43
209154,43
209157,22
209158,8
209159,68
209160,86
209167,65
209168,74
209178,100
209180,74
209182,29
209190,11
209191,11
209225,9
209248,7
209249,9
209282,4
209374,8
209376,4
209377,9
209378,6
209379,4
209400,2
209406,4
209411,9
209413,3
209450,64
209451,7
209452,10
209463,41
209464,35
209465,14
209466,38
209470,50
209471,51
209473,44
209476,46
209481,15
209482,6
209493,26
209497,26
209501,6
209512,19
209530,7
209547,9
209560,7
209597,100
209598,100
209600,100
209629,7
209684,6
209692,74
209745,3
209749,3
209750,3
209751,2
209752,3
209753,2
209754,1
209755,2
209759,9
209760,2
209762,8
209763,6
209770,3
209771,2
209772,3
209773,3
209779,5
209781,9
209782,5
209783,2
209784,4
209785,8
209799,5
209800,2
209801,2
209804,7
209805,2
209806,4
209807,5
209808,1
209809,1
209810,2
209820,9
209829,8
209830,3
209831,4
209832,6
209833,4
209834,10
209835,7
209836,9
209837,10
209838,5
209859,10
209860,9
209861,1
209862,5
209863,1
209892,2
209894,3
209895,12
209896,11
209898,8
209899,9
210049,6
210229,63
210249,14
210273,32
210274,43
210276,73
210278,100
210279,100
210281,14
210282,30
210287,11
210296,100
210297,100
210301,29
210303,95
210304,100
210305,100
210306,100
210309,39
210312,100
210331,8
210334,21
210335,28
210336,23
210337,23
210340,39
210342,37
210343,13
210344,6
210347,12
210378,46
210405,35
210406,9
210407,3
210416,9
210417,9
210509,25
210548,8
210550,6
210721,20
210825,10
210857,6
210896,7
210912,20
210916,11
210932,21
210946,6
210948,6
211073,14
211120,9
211126,7
211127,9
211161,76
211165,22
211168,6
211171,18
211173,26
211185,14
211186,53
211187,34
211188,20
211191,6
211211,21
211212,5
211213,16
211214,3
211215,7
211216,20
211217,4
211218,29
211241,22
211242,28
211244,18
211245,24
211248,48
211249,100
211253,55
211254,65
211255,91
211257,9
211258,60
211259,100
211261,17
211262,1
211264,18
211265,70
211270,24
211271,57
211272,72
211273,92
211275,6
211277,100
211278,100
211289,52
211292,14
211298,55
211299,54
211301,100
211306,17
211312,10
211317,9
211334,90
211338,29
211340,20
211341,53
211361,31
211367,21
211374,49
211380,24
211381,19
211469,12
211522,21
211523,20
211524,19
211526,8
211640,1
211641,1
211642,9
211648,1
211650,1
211652,2
211653,4
211654,6
211668,1
211708,25
211709,15
211719,22
211734,6
211737,10
211743,7
211807,26
211808,21
211809,18
211810,10
211811,29
211813,46
211814,48
211815,25
211825,10
211830,34
211833,17
211834,79
211836,37
211837,16
211840,30
211841,49
211842,89
211848,28
211849,17
211850,93
211851,100
211852,100
211853,89
211854,100
211855,52
211856,70
211858,100
211860,49
211861,17
211862,100
211877,16
211892,15
211895,7
211905,100
211907,48
211908,44
211920,59
211922,32
211926,21
211928,13
211930,15
211931,43
211932,25
211935,32
211943,50
211945,14
211946,10
211948,20
211951,31
211953,29
211963,100
211964,100
211965,100
211966,100
211971,100
211972,100
211975,100
211983,100
211984,100
211986,100
211987,100
211988,100
211989,37
211990,8
211997,21
212006,27
212016,14
212034,21
212035,21
212036,19
212038,20
212052,20
212073,23
212093,100
212157,28
212159,44
212160,71
212161,13
212190,11
212232,7
212274,11
212278,64
212280,31
212290,26
212291,26
212292,33
212293,34
212294,23
212296,7
212297,8
212298,6
212299,41
212300,19
212302,7
212353,13
212355,10
212367,27
212369,18
212462,11
212472,15
212473,6
212480,8
212482,22
212483,28
212485,19
212489,17
212491,18
212500,7
212503,11
212513,10
212514,13
212520,21
212523,9
212531,19
212535,18
212546,10
212610,7
212629,15
212694,100
212695,100
212696,100
212697,100
212698,41
212699,53
212700,49
212703,12
212710,86
212714,27
212719,16
212722,21
212724,94
212735,10
212750,44
212752,59
212753,100
212755,100
212767,88
212768,17
212786,26
212787,100
212788,40
212790,100
212793,100
212794,100
212795,99
212796,86
212911,8
212912,6
212913,13
212916,6
212921,55
213007,1
213031,22
213041,46
213121,60
213313,12
213316,38
213321,74
213354,6
213359,10
213361,24
213371,100
213378,100
213383,100
213384,100
213385,100
213389,100
213390,100
213391,100
213502,22
213634,19
213637,13
213638,9
213639,30
213641,9
213644,14
213645,17
213646,16
213648,6
213653,10
213659,6
213661,46
213670,38
213673,18
213683,19
213684,40
213690,15
213711,11
213717,8
213718,8
213767,15
213778,30
213779,32
213780,21
213784,6
213787,8
213789,29
213792,16
213793,9
213794,11
213795,7
213800,18
213802,18
213805,28
213807,16
213812,23
213813,36
213814,30
213816,14
213837,10
213852,14
213862,7
214060,23
214061,19
214062,24
214063,2
214064,25
214066,27
214067,16
214069,9
214072,18
214073,21
214074,6
214078,9
214079,10
214083,9
214085,10
214091,37
214092,57
214093,55
214094,32
214095,36
214096,40
214097,33
214098,33
214106,61
214114,100
214116,100
214117,93
214118,78
214119,44
214120,32
214122,10
214123,100
214131,65
214132,81
214134,26
214137,71
214139,28
214141,100
214142,44
214143,27
214144,8
214145,100
214146,54
214154,30
214155,13
214169,12
214175,6
214194,20
214196,59
214197,51
214198,61
214199,51
214200,19
214240,2
214243,2
214244,3
214276,4
214372,33
214495,18
214496,30
214497,27
214498,12
214499,2
214500,6
214506,10
214507,4
214508,3
214518,2
214519,8
214520,7
214521,1
214522,12
214523,8
214525,8
214526,6
214527,7
214528,5
214529,6
214546,14
214549,17
214550,8
214551,14
214619,70
214625,67
214731,1
214744,6
214745,19
214746,20
214761,16
214762,12
214763,14
214764,12
214780,23
214781,20
214783,10
214794,19
214795,19
214796,8
214798,20
214799,24
214803,38
214804,32
214806,18
214808,20
214809,13
214830,19
214831,28
214848,9
214851,30
214896,11
214908,11
214987,80
214988,9
214990,10
214991,9
214994,100
214996,15
214997,94
214998,30
215004,7
215005,7
215008,36
215009,20
215010,8
215013,31
215035,7
215037,11
215067,57
215068,56
215069,70
215070,85
215071,58
215072,96
215073,48
215074,64
215076,94
215077,98
215078,100
215079,96
215080,100
215100,9
215111,2
215119,4
215135,5
215138,3
215139,7
215140,4
215142,1
215144,22
215147,35
215148,51
215149,41
215153,6
215154,11
215156,9
215163,16
215164,50
215165,69
215197,6
215198,21
215201,17
215205,18
215207,21
215208,21
215209,19
215213,31
215217,8
215219,15
215220,20
215221,18
215230,7
215233,10
215234,58
215247,24
215255,5
215260,6
215291,1
215299,4
215301,5
215384,20
215398,73
215408,18
215409,14
215410,14
215411,20
215439,23
215440,34
215441,35
215445,4
215446,6
215448,5
215587,47
215588,31
215590,8
215591,22
215630,21
215631,14
215633,42
215711,6
215713,6
215715,9
215728,12
215827,22
215889,100
215897,100
215901,43
215939,100
215941,100
215948,100
215996,100
216017,4
216019,1
216026,19
216031,38
216032,26
216035,7
216037,44
216039,2
216040,14
216041,6
216042,75
216043,11
216047,7
216089,34
216127,17
216129,11
216183,10
216184,9
216195,6
216199,8
216273,93
216275,95
216285,19
216297,76
216298,89
216299,89
216300,89
216301,89
216302,55
216303,73
216304,73
216305,58
216306,78
216307,77
216308,66
216309,77
216310,63
216311,64
216312,67
216404,6
216420,15
216421,13
216461,100
216463,100
216479,26
216485,33
216492,100
216523,25
216524,26
216526,34
216536,32
216542,19
216543,11
216544,45
216546,26
216550,31
216553,1
216554,13
216555,8
216556,13
216557,21
216558,23
216561,7
216569,40
216570,55
216573,41
216577,8
216578,15
216579,12
216584,1
216589,100
216590,15
216591,13
216641,28
216642,9
216653,32
216654,13
216682,12
216687,18
216693,11
216694,9
216695,7
216698,42
216699,13
216701,14
216702,12
216705,28
216706,9
216707,41
216708,10
216713,15
216714,18
216715,17
216716,61
216719,55
216768,7
216769,30
216770,9
216771,13
216772,21
216773,50
216774,17
216775,84
216777,80
216807,25
216809,79
216810,36
216812,34
216821,6
216827,4
216940,100
216954,7
217022,70
217025,46
217027,37
217028,66
217037,27
217038,17
217040,37
217261,24
217264,22
217346,11
217348,6
217350,22
217364,69
217372,98
217379,41
217385,2
217421,24
217423,12
217424,64
217425,58
217426,27
217430,11
217431,7
217432,6
217433,9
217434,6
217435,9
217436,6
217437,8
217438,8
217478,24
217484,7
217485,25
217486,21
217488,6
217553,8
217556,3
217622,13
217625,6
217630,21
217631,9
217632,14
217634,28
217636,26
217637,18
217638,17
217640,11
217642,16
217646,16
217647,10
217653,10
217673,26
217767,100
217788,100
217838,10
217844,17
217845,16
217846,18
217847,13
217849,6
217851,19
217936,19
217959,10
217960,7
217966,19
217967,13
218044,100
218075,13
218102,19
218141,100
218142,20
218218,10
218227,15
218229,6
218236,12
218238,43
218239,40
218240,46
218241,46
218242,33
218243,47
218244,39
218245,43
218261,5
218262,2
218278,25
218279,30
218332,28
218340,100
218358,26
218360,24
218364,62
218412,7
218415,27
218476,22
218525,12
218526,18
218527,34
218530,12
218531,7
218549,11
218551,14
218556,12
218557,33
218558,25
218560,34
218563,18
218565,23
218567,7
218572,10
218588,17
218589,18
218590,1
218593,14
218596,8
218597,12
218598,8
218599,11
218600,13
218601,6
218602,7
218603,7
218604,6
218605,7
218606,9
218607,7
218608,6
218609,9
218610,8
218611,7
218612,7
218613,7
218614,7
218615,5
218616,24
218617,20
218618,15
218619,14
218622,11
218623,11
218624,11
218625,10
218627,9
218628,6
218629,6
218630,9
218631,15
218632,33
218633,19
218634,17
218635,18
218636,6
218637,4
218638,6
218639,7
218640,12
218651,17
218652,13
218653,11
218654,15
218655,17
218656,6
218657,7
218660,6
218661,12
218662,14
218663,12
218664,14
218665,12
218666,13
218667,14
218668,13
218669,15
218670,15
218681,21
218682,51
218683,19
218684,21
218685,22
218691,7
218692,6
218697,27
218698,9
218705,8
218707,12
218710,25
218725,6
218727,21
218736,9
218757,57
218763,100
218919,8
218954,66
219017,1
219025,21
219027,2
219028,9
219035,14
219036,6
219039,9
219050,2
219056,9
219058,6
219062,12
219073,6
219075,10
219078,19
219080,14
219111,4
219115,6
219119,9
219121,4
219123,19
219124,3
219127,4
219129,8
219131,3
219134,8
219137,11
219140,9
219142,13
219143,4
219146,9
219147,5
219152,24
219154,85
219155,45
219157,13
219158,15
219160,100
219161,100
219162,100
219163,100
219166,100
219167,100
219168,100
219169,100
219170,100
219172,100
219176,57
219177,44
219178,51
219179,23
219180,100
219182,100
219183,100
219184,100
219185,100
219186,100
219200,19
219213,62
219214,100
219218,100
219219,83
219220,38
219221,14
219222,35
219223,81
219224,62
219225,66
219226,30
219227,100
219230,100
219232,57
219233,100
219349,6
219354,24
219489,100
219571,100
219584,100
219594,20
219602,1
219612,28
219627,28
219629,25
219652,6
219653,11
219656,8
219657,46
219668,100
219786,100
219787,100
219788,47
219789,35
219792,21
219793,34
219828,24
219830,14
219836,11
219839,10
219843,11
219844,14
219855,9
219858,6
219862,3
219874,9
219879,14
219886,6
219889,3
219890,4
219892,4
219908,5
219920,18
219921,35
219923,19
219934,9
219936,10
219942,3
219950,17
219956,11
219958,7
219959,8
219960,8
219965,30
219971,9
219973,12
219983,13
219985,13
219988,1
219990,7
220004,4
220005,7
220020,2
220026,3
220038,10
220040,8
220043,7
220044,8
220048,6
220053,7
220055,8
220065,6
220076,7
220079,8
220087,33
220109,4
220111,11
220113,15
220118,4
220201,2
220271,12
220272,13
220274,19
220280,65
220284,54
220289,15
220298,43
220299,14
220302,15
220303,51
220304,86
220305,60
220342,30
220343,29
220349,13
220350,23
220351,23
220352,6
220355,23
220357,21
220362,22
220363,1
220364,14
220365,27
220367,7
220370,21
220371,19
220372,20
220373,4
220377,14
220378,24
220379,24
220380,26
220381,7
220388,29
220389,10
220392,25
220426,3
220436,2
220438,1
220478,1
220480,1
220481,2
220482,1
220484,4
220488,2
220491,1
220502,1
220503,1
220506,1
220513,1
220514,1
220516,1
220517,1
220523,1
220524,1
220525,2
220526,1
220527,1
220546,1
220547,1
220550,1
220551,2
220552,1
220627,7
220675,7
220677,16
220679,15
220883,1
220884,1
220886,1
220891,1
220892,1
220904,7
220907,54
220908,42
220962,2
221002,6
221003,26
221030,36
221031,12
221032,16
221033,8
221040,2
221042,1
221043,1
221087,48
221088,52
221089,44
221091,44
221093,7
221097,24
221106,100
221109,6
221186,1
221197,20
221201,11
221202,8
221205,15
221266,8
221345,3
221401,1
221408,30
221419,100
221421,23
221422,100
221423,100
221424,100
221425,100
221427,100
221428,100
221429,100
221436,66
221437,81
221438,39
221439,37
221443,6
221447,96
221452,100
221454,100
221455,69
221456,47
221457,64
221472,100
221473,53
221474,52
221475,82
221476,70
221513,100
221566,11
221567,12
221570,28
221571,29
221572,26
221573,35
221574,50
221695,12
221697,100
221698,100
221699,97
221700,17
221701,42
221702,100
221763,36
221764,33
221776,23
221777,57
221841,22
221849,100
221850,61
221851,37
221852,18
221866,14
221867,65
221876,100
221877,100
221878,100
221879,100
221880,51
221881,66
221882,51
221884,63
221885,63
221886,65
221887,100
221899,61
221900,100
221902,90
221903,100
221904,100
221905,100
221915,10
221916,100
221918,100
221919,100
222000,24
222003,5
222007,100
222030,100
222031,100
222035,100
222036,100
222039,100
222044,100
222071,4
222091,11
222218,8
222219,24
222224,7
222226,9
222228,7
222229,26
222233,62
222243,9
222294,100
222295,94
222296,72
222373,1
222382,2
222383,1
222385,3
222386,1
222387,1
222388,1
222397,1
222398,2
222399,2
222400,3
222401,2
222402,45
222433,56
222434,11
222435,62
222608,9
222616,1
222617,2
222618,1
222643,1
222694,9
222847,44
222848,75
222849,100
222866,100
222869,23
222870,7
222871,28
222911,10
222934,8
222935,7
223020,20
223031,2
223175,16
223231,14
223277,7
223292,7
223299,100
223300,100
223480,7
223484,8
223541,43
223542,28
223545,6
223546,8
223547,20
223548,6
223551,7
223554,14
223590,8
223597,28
223599,43
223635,19
223661,6
223758,9
223768,6
223776,10
223789,13
223863,25
223864,51
223865,13
223866,2
223868,10
223986,10
223989,74
223990,83
223991,94
223996,38
223998,54
223999,100
224000,100
224009,100
224010,100
224013,100
224189,19
224195,43
224199,14
224205,15
224206,26
224211,30
224215,22
224216,16
224217,16
224232,8
224387,100
224481,10
224484,27
224546,35
224549,7
224565,47
224573,23
224577,12
224694,32
224695,28
224916,46
224920,70
224926,6
224944,16
224950,35
224951,11
225139,10
225146,90
225149,100
225175,10
225195,72
225196,62
225198,33
225236,4
225243,3
225246,18
225252,30
225330,26
225381,5
225382,6
225391,11
225614,100
225616,100
225703,4
225879,7
225880,35
225881,29
226511,21
226512,23
226516,6
226517,19
226526,1
227009,6
227010,3
227233,20
227235,10
227244,10
227290,10
227294,10
227295,10
227834,6
227835,9
227836,2
227837,2
228055,81
228062,32
228067,19
228191,100
228202,100
228556,29
229069,100
28-2G82-VTDK,1
2A-25CE-Y3KI,1
2C-0W2I-HH1M,1
2D-6Q8K-0ERO,1
2G-0DZS-NGME,1
2L-6CIV-THNC,1
2U-RXBS-PWX3,1
32-PEE9-3N7K,1
3A-F0RZ-SCKE,1
3B-XL8T-Z9YJ,1
3H-RLB7-OHUR,8
3K-24BB-AAAU,1
3L-RKFD-U40Y,1
3L-T51X-0KFF,1
3N-YYIU-6WPR,1
41-SUVP-OWV4,1
4F-8806-8PJF,1
4N-OUA9-TR49,1
4S-GNM0-RKT7,3
4T-SI8S-TK8I,3
51-WFAL-BQRB,3
54-Q4W9-AY3V,2
5A-C3J6-8M3E,1
5D-Y3IH-YWI3,1
5E-LIVX-OTXZ,1
5F-XW8R-AFS2,1
5G-JGQC-L3OX,3
5J-38IJ-NL82,1
5J-WF5V-L34Z,1
5K-X3JZ-HBI5,2
5N-N9X0-HC9F,1
5S-44MP-OUF8,1
5U-GN74-MQX8,1
63-BK0A-40LP,1
66-SAPH-8S8E,1
6E-NVBI-51DP,3
6N-JLKC-SBDN,2
6R-4E9U-LKGE,2
6U-NPOJ-39ZO,2
6W-0SV9-V7MA,1
6Y-ZDF4-30NU,1
7L-E0WO-WAOO,1
7O-8GCF-PRPF,1
7U-PC0A-KZ5X,1
8O-33QR-WB4T,1
8Z-4OSJ-OQB5,1
8Z-SX3X-K9P0,1
90-GKY9-7TWX,1
90-N72D-2MZY,1
94-F9GK-2P4A,3
99-AAWR-6IKE,2
9A-FP6K-G5JJ,3
9B-26O3-M042,1
9J-CQEB-RUZ0,1
A6-2RB9-0YF2,3
A6-XNN4-AK53,1
A8-NBQX-JHKW,1
AK-58BK-9F2B,1
APX75706,3
AS-A2US-QZ6V,1
AT-TLLA-BXY7,1
B1-OK4F-ASQP,1
B4-ZZA2-DKZA,1
BK-S74X-7WWD,1
BLF24321,3
BS-MEVN-9NZP,1
C2-V0RR-MDB5,2
C4-JDUY-TE81,1
CC-KABK-NBJA,1
CJ-BODG-UJ8J,4
CQ-S4E0-R0G0,1
CR-HXPI-N22Q,1
CV-Y9L3-UVYL,1
D5-MGDT-3U0D,1
DF-PUU3-4RJQ,1
DK-YZLO-NFUH,1
DP-KBJZ-I9CK,1
DV-TS9G-FSEV,1
EF-L6JF-U3WY,1
ET-HLJC-G7HW,1
F3-CE7V-GUY3,1
FM-KPWW-EYFW,2
FN-TV8M-QOWL,3
FT-3MC7-L84F,1
FZ-0VT3-317J,3
G0-PZ8T-TQRP,1
G1-9Q85-HV33,2
G2-OIJB-BGAK,1
G6-FLA9-FFBP,3
G7-5BWF-M2UF,3
G8-HQLE-7JPJ,1
G8-UCIC-G72M,1
GA-GVX1-XWNI,1
GB-RE4V-SFQJ,1
GE-WC7E-5411,2
GI-YQTL-AI6V,1
GM-SFQN-UWTM,1
GSC12570,3
GSC12984,3
GSC17488,3
GSC17502,3
GSC17514,3
GSC17516,3
GSC94363,3
GSC94407,3
GSC94456,3
GSC94486,3
GSC94521,3
GSC94567,3
GSC94582,3
GSC94604,3
GSC94649,3
GSC94775,3
GSC94776,3
GSC94777,3
GSC94779,3
GSC94796,3
H1-TYEJ-2PW0,2
H3-USKL-YWRF,1
H7-FYVB-S289,1
H9-SGFP-XZ8S,1
HE-LAHN-6UL3,1
HH-OSBN-M21N,1
HK-MYIN-RTZ2,1
HU-EWR4-YZJ1,1
HV-MXOP-93KX,2
I1-XFMC-ALTX,3
IG-COCW-A0K1,2
IR-TZLB-I0MR,1
IS-BZ5O-KLY4,1
IY-BPP9-50WO,1
J5-7K24-BVFP,1
J9-0QQX-QF4P,2
JB-9P6D-1HSW,1
JOY22834,3
JOY22840,3
JOY22841,3
JQ-F9GR-53YC,1
JW-12DA-K8L2,1
JX-JCRW-MQPQ,12
K7-ICI4-9P14,1
KC-JD6K-6LQ6,1
KG-6X9D-MV7T,2
KI-M59J-0QRD,1
L4-DVQM-PHTW,1
L4-JBFI-JEC9,1
LF-0WS8-A2CT,1
LK-7L8M-3H2J,1
LK-AQDF-01HC,1
LL-QDY8-LKGA,1
M8-UB71-NV8F,1
MB-JLCK-9TAK,1
MC-QSLL-EOZ5,1
MDCS22038,3
MK-8M0D-1RFW,3
ML-39ZN-8E6Q,2
MP-5LD5-8NTZ,1
MX-IDMV-SOQC,1
N2-1H45-8N5Y,1
NEMN-B4106M8,3
NEMN-B4696N9,3
NEMN-B5238S0,3
NEMN-B5296S0,3
NEMN-B5297S0,3
NEMN-B5349S0,3
NEMN-B5371S0,3
NEMN-B5535T1,3
NEMN-B5806V2,3
NEMN-B5870V2,3
NEMN-B5896V2,3
NEMN-B5903V2,3
NEMN-B5905V2,3
NEMN-B5956V2,3
NEMN-B5970V2,3
NEMN-B6127W2,3
NEMN-B6162W2,3
NEMN-B6315X3,3
NEMN-B6340X3,3
NEMN-B6344X3,3
NEMN-B6412X3,3
NEMN-B6456X3,3
NEMN-B6478X3,3
NEMN-B6481X3,3
NJ-SHH0-CTNL,1
NOB07535,3
NOB1040,3
NOB1116,3
NOB1680,3
NOB3043,3
NOB5006,3
NOB7337,3
NOB8086,3
NOB8582,3
NOB8773,3
NOB9732,3
NOB9753,3
NOB9906,3
NP-YSZO-45O8,1
NQ-FKEW-0L5K,1
O1-GPAX-9RG8,1
O1-LYPZ-WJAX,1
O2-X335-351Y,3
OD-PHMR-RKYZ,3
OG-R4YP-89DF,1
OJ-RWB3-6G97,1
OJ-S6AA-0O4T,1
ORT85442,3
OU-R5PD-JM0Z,2
OZ-9Z35-HPM1,2
P7-5ZX8-DYQ9,1
P9-TCXR-VLOX,1
PA-092X-AEEZ,2
PA-0LPT-Z2HT,2
PHAT57572,3
PK-XQBC-16ZT,2
PO-2KR8-M7OE,1
PO-FI4U-SUSX,1
POPB-PBTB05,3
POPB-PBWS03,3
POPB-PBWS14,3
PY-IJGK-O8OY,1
PY-KIR1-FAAI,1
Q8-J3E2-S84O,1
QE-LS79-CCS6,1
QF-6FLJ-UPFZ,3
QG-H0CV-EUOO,1
QH-DXD3-TMAO,3
QQ-RW8S-4BY4,1
R4-AX2X-0LD6,2
RG-ZDOL-K1HR,1
RP-060W-KPJP,1
SD-TTMG-35X3,2
SI-6XWF-XITQ,4
SK-SMBT-D6NV,1
SQ-OBOW-DGKJ,1
T3-VQ4B-WGGW,1
T5-RR5E-XWA3,1
T8-FVPN-K1FL,2
TH-12PT-YY0G,1
TK-8PBR-ZAQ3,2
TY-CFNH-5FSG,6
U3-XCEQ-HIA3,2
UB-TU90-D5OT,1
UB-WPHA-4WIK,1
UD-FG1V-IJ4F,1
UE-Y5HU-1K4S,1
UG-SWQ4-S5OD,1
V4-OTCH-7K9J,1
VK-WF0N-MMZI,1
W5-G4FT-KBOO,1
WB-GFYL-6M04,1
WG-RXY2-BYRB,1
WH-35B8-FHWT,1
WING700641,3
WL-ST8C-S0W2,2
WY-5YPO-49N3,1
X5-YL4X-J8DF,1
X7-406R-N53T,2
X8-4VCL-H2LO,2
X8-G4T1-XPSM,1
XG-9K0V-SGPC,1
XK-QCUW-XN66,2
XL-0J9Y-X4UU,2
XO-LEYO-TQFH,2
XV-VSKZ-2B8S,1
Y7-2MZD-QQNV,1
YK-I194-R6C3,1
YY-G8GJ-G0YX,1
ZG-6KYV-13HR,1
ZI-TS6X-JOXJ,2
ZJ-G1DG-1I0J,1
ZM-RA4U-F8S6,1
ZX-NWLK-935T,1
00-CBBF-R6L4,0
04-RRR6-RAQ7,0
04-W8OP-G78B,0
05-6XE2-H73E,0
0A-UJE0-5LWJ,0
0H-FY7R-LF63,0
0L-VSAF-PCCA,0
0O-4ANK-S6IQ,0
0P-GKCM-7H2O,0
0Y-77VV-I6S8,0
12-0GB8-DGVJ,0
13-CWCQ-F8HO,0
14-NI4B-RXJ8,0
17-HPH5-UDYO,0
178142,0
178145,0
178648,0
178760,0
178772,0
178785,0
178786,0
178805,0
178819,0
178820,0
178821,0
179255,0
179351,0
179505,0
179515,0
179521,0
179522,0
179532,0
179538,0
179562,0
179567,0
179578,0
179590,0
179607,0
179642,0
179654,0
180667,0
180672,0
181201,0
181205,0
181206,0
181210,0
181239,0
181328,0
181339,0
181347,0
181525,0
181639,0
181904,0
181980,0
181981,0
181991,0
181993,0
182053,0
182075,0
182238,0
182267,0
182520,0
182772,0
182779,0
182781,0
182784,0
182785,0
182787,0
182788,0
182812,0
182820,0
182821,0
182824,0
182860,0
182863,0
182888,0
182890,0
182891,0
182892,0
183248,0
183257,0
183410,0
183430,0
183432,0
183551,0
183885,0
183893,0
183899,0
183910,0
184066,0
184068,0
184083,0
184085,0
184091,0
184093,0
184094,0
184097,0
184104,0
184110,0
184136,0
184138,0
184141,0
184147,0
184155,0
184175,0
184176,0
184177,0
184178,0
184179,0
184180,0
184185,0
184192,0
184193,0
184214,0
184221,0
184232,0
184235,0
184241,0
184250,0
184284,0
184285,0
184288,0
184301,0
184305,0
184341,0
184343,0
184346,0
184357,0
184363,0
184374,0
184379,0
184392,0
184463,0
184921,0
184922,0
184923,0
185125,0
185126,0
185290,0
185292,0
185379,0
185380,0
185382,0
185385,0
185389,0
185392,0
185396,0
185524,0
185613,0
185614,0
185626,0
185946,0
185949,0
186040,0
188122,0
188131,0
188709,0
188720,0
188723,0
188724,0
188725,0
188942,0
188946,0
189069,0
189261,0
189262,0
189840,0
189877,0
19-2ZWD-9Q9V,0
190148,0
190314,0
190315,0
190317,0
190318,0
190319,0
190645,0
190668,0
190732,0
190824,0
190827,0
190828,0
190829,0
190830,0
190831,0
190832,0
190834,0
190835,0
190836,0
190837,0
190854,0
190880,0
191233,0
191348,0
191390,0
191394,0
191956,0
191957,0
191959,0
191961,0
191963,0
191965,0
191972,0
191975,0
191981,0
191987,0
192014,0
192015,0
192020,0
192021,0
192023,0
192024,0
192030,0
192050,0
192051,0
192052,0
192057,0
192111,0
192112,0
192113,0
192114,0
192115,0
192212,0
192236,0
192511,0
192513,0
192516,0
192519,0
192526,0
192532,0
192539,0
192567,0
192569,0
192633,0
192846,0
192847,0
192870,0
192960,0
192963,0
192964,0
192966,0
192974,0
192977,0
192978,0
192984,0
192985,0
192997,0
193001,0
193002,0
193011,0
193012,0
193021,0
193022,0
193023,0
193024,0
193028,0
193033,0
193034,0
193054,0
193065,0
193188,0
193189,0
193197,0
193199,0
193200,0
193203,0
193204,0
193205,0
193206,0
193209,0
193211,0
193212,0
193289,0
193290,0
193294,0
193300,0
193384,0
193413,0
193414,0
193515,0
193548,0
193587,0
193588,0
193589,0
193593,0
193596,0
193597,0
193598,0
193599,0
193657,0
193660,0
193661,0
193662,0
193664,0
193665,0
193669,0
194000,0
194209,0
194213,0
194216,0
194220,0
194224,0
194225,0
194227,0
194263,0
194282,0
194283,0
194284,0
194285,0
194290,0
194292,0
194302,0
194311,0
194313,0
194342,0
194350,0
194352,0
194354,0
194456,0
194500,0
194504,0
194508,0
194547,0
194642,0
194643,0
194815,0
194819,0
194822,0
194837,0
195088,0
195089,0
195090,0
195091,0
195092,0
195093,0
195098,0
195105,0
195107,0
195108,0
195117,0
195119,0
195154,0
195483,0
195553,0
195555,0
195647,0
195734,0
195935,0
195960,0
195961,0
195962,0
195965,0
195966,0
195968,0
195969,0
195971,0
195983,0
195999,0
196002,0
196093,0
196094,0
196096,0
196502,0
196537,0
196598,0
196599,0
196600,0
196601,0
196602,0
196627,0
196982,0
197046,0
197052,0
197266,0
197318,0
197320,0
197322,0
197323,0
197325,0
197333,0
197345,0
197346,0
197533,0
197586,0
197671,0
197672,0
197900,0
197996,0
198122,0
198125,0
198232,0
198474,0
198479,0
198485,0
198486,0
198502,0
198504,0
198521,0
198534,0
198661,0
198687,0
198688,0
198697,0
198704,0
198707,0
198710,0
198714,0
198716,0
198807,0
198934,0
198979,0
198980,0
199083,0
199084,0
199309,0
199404,0
199538,0
199656,0
199747,0
199756,0
199765,0
199822,0
199875,0
199877,0
199879,0
199887,0
199891,0
199895,0
1A-G7BP-9W19,0
1A-QYCW-AX3C,0
1G-XLPQ-2MNC,0
1J-HN9F-1M89,0
1N-UXXK-E56U,0
1S-CDFH-OUTN,0
1U-29OP-LFJF,0
1U-DJEZ-QT0M,0
1U-OPRJ-WOAE,0
1Z-LL7I-UE1Z,0
20-DIHT-26PZ,0
200078,0
200079,0
200081,0
200094,0
200178,0
200179,0
200187,0
200271,0
200513,0
200539,0
200544,0
200559,0
200562,0
200572,0
200573,0
200574,0
200780,0
200781,0
200785,0
200799,0
200915,0
200918,0
200933,0
200936,0
200946,0
200996,0
201000,0
201047,0
201077,0
201078,0
201089,0
201091,0
201092,0
201247,0
201249,0
201251,0
201277,0
201376,0
201542,0
201545,0
201549,0
201552,0
201553,0
201554,0
201623,0
201657,0
201662,0
202041,0
202048,0
202049,0
202050,0
202051,0
202052,0
202053,0
202092,0
202116,0
202411,0
202451,0
202477,0
202479,0
202614,0
202615,0
202616,0
202617,0
202618,0
202797,0
202819,0
202823,0
202825,0
202831,0
203520,0
203598,0
203599,0
203600,0
203602,0
203603,0
203604,0
203614,0
203616,0
203618,0
203619,0
203636,0
203637,0
203639,0
203655,0
203656,0
203671,0
203672,0
203742,0
203948,0
204435,0
204478,0
204527,0
204537,0
204551,0
204568,0
204589,0
204590,0
204648,0
204649,0
204651,0
204652,0
204654,0
204655,0
204710,0
204714,0
204715,0
204966,0
204994,0
205013,0
205048,0
205058,0
205059,0
205245,0
205280,0
205299,0
205406,0
205407,0
205408,0
205425,0
205426,0
205459,0
205464,0
205478,0
205717,0
205881,0
205882,0
206135,0
206137,0
206145,0
206282,0
206317,0
206318,0
206333,0
206334,0
206337,0
206338,0
206376,0
206396,0
206399,0
206410,0
206439,0
206443,0
206490,0
206494,0
206496,0
206502,0
206503,0
206506,0
206508,0
206512,0
206515,0
207390,0
207429,0
207430,0
207435,0
207464,0
207465,0
207467,0
207495,0
207825,0
208086,0
208093,0
208099,0
208101,0
208102,0
208103,0
208104,0
208149,0
208151,0
208153,0
208549,0
208552,0
208553,0
208555,0
208566,0
208573,0
208574,0
208577,0
208578,0
208579,0
208580,0
208581,0
208582,0
208583,0
208584,0
208768,0
209057,0
209058,0
209059,0
209078,0
209079,0
209082,0
209085,0
209087,0
209447,0
209448,0
209533,0
209535,0
209536,0
209537,0
209538,0
209548,0
209549,0
209561,0
209574,0
209588,0
209589,0
209590,0
209592,0
209595,0
209761,0
209939,0
210243,0
210324,0
210888,0
211219,0
211233,0
211236,0
211237,0
211303,0
211304,0
211529,0
211540,0
211541,0
211542,0
211543,0
211649,0
211656,0
211657,0
211658,0
211659,0
211741,0
211744,0
211777,0
211778,0
211780,0
211803,0
211805,0
211909,0
211910,0
212020,0
212021,0
212024,0
212025,0
212033,0
212040,0
212041,0
212050,0
212051,0
212064,0
212163,0
212522,0
212530,0
212542,0
212543,0
212545,0
212784,0
212799,0
213043,0
213045,0
213078,0
213084,0
213112,0
213296,0
213501,0
213530,0
213809,0
213810,0
213829,0
213838,0
213845,0
213846,0
213847,0
213848,0
214152,0
214174,0
214176,0
214177,0
214215,0
214476,0
214531,0
214533,0
214621,0
214678,0
214728,0
214729,0
214730,0
214732,0
214734,0
214740,0
214742,0
214743,0
214791,0
215082,0
215083,0
215084,0
215128,0
215137,0
215171,0
215237,0
215256,0
215258,0
215449,0
215518,0
215893,0
215929,0
215931,0
215932,0
215933,0
216012,0
216020,0
216028,0
216053,0
216197,0
216198,0
216270,0
216399,0
216462,0
216489,0
216494,0
216528,0
216529,0
216535,0
216572,0
216581,0
216582,0
216583,0
216816,0
216817,0
216819,0
216941,0
216958,0
216959,0
217085,0
217089,0
217090,0
217091,0
217092,0
217093,0
217219,0
217345,0
217357,0
217359,0
217366,0
217368,0
217377,0
217378,0
217386,0
217388,0
217389,0
217398,0
217554,0
217555,0
217629,0
217641,0
217645,0
217669,0
217760,0
217765,0
217768,0
217785,0
217840,0
217841,0
217842,0
217939,0
217940,0
218257,0
218259,0
218270,0
218285,0
218305,0
218306,0
218309,0
218314,0
218316,0
218327,0
218419,0
218474,0
218475,0
218534,0
218550,0
218591,0
218594,0
218676,0
218677,0
218679,0
218680,0
218737,0
218738,0
218739,0
218740,0
219020,0
219021,0
219023,0
219024,0
219030,0
219037,0
219040,0
219041,0
219105,0
219530,0
219555,0
219566,0
219850,0
219885,0
219907,0
219926,0
219978,0
219981,0
220023,0
220024,0
220025,0
220027,0
220059,0
220300,0
220309,0
220312,0
220313,0
220314,0
220315,0
220322,0
220325,0
220344,0
220360,0
220361,0
220375,0
220376,0
220403,0
220435,0
220445,0
220786,0
220788,0
220789,0
221061,0
221067,0
221397,0
221467,0
221468,0
221469,0
221470,0
221471,0
221721,0
221722,0
221732,0
221733,0
221734,0
221735,0
221736,0
221742,0
221747,0
221750,0
221752,0
221757,0
221847,0
221848,0
221854,0
221855,0
221913,0
221924,0
221996,0
221997,0
221998,0
221999,0
222004,0
222050,0
222051,0
222052,0
222314,0
222371,0
222381,0
222491,0
222492,0
222493,0
222519,0
222522,0
222523,0
222524,0
222539,0
222550,0
222557,0
222571,0
222605,0
222606,0
222607,0
222770,0
222773,0
222774,0
222775,0
222898,0
222921,0
222922,0
222945,0
222968,0
223003,0
223004,0
223005,0
223006,0
223007,0
223008,0
223009,0
223010,0
223012,0
223013,0
223014,0
223015,0
223016,0
223017,0
223018,0
223286,0
223287,0
223288,0
223571,0
223578,0
223707,0
223726,0
223774,0
223833,0
223834,0
223867,0
224005,0
224006,0
224152,0
224153,0
224154,0
224158,0
224159,0
224160,0
224551,0
224658,0
224738,0
224739,0
224740,0
224784,0
224793,0
224794,0
224795,0
224796,0
224804,0
224925,0
224931,0
224932,0
224935,0
224945,0
224946,0
224949,0
224983,0
225041,0
225043,0
225045,0
225076,0
225147,0
225156,0
225157,0
225158,0
225159,0
225160,0
225162,0
225190,0
225234,0
225241,0
225266,0
225273,0
225275,0
225276,0
225292,0
225303,0
225307,0
225377,0
225379,0
225380,0
225690,0
225691,0
225693,0
225694,0
225695,0
225696,0
225697,0
225698,0
225699,0
225700,0
225701,0
225711,0
225712,0
225717,0
225719,0
225720,0
225721,0
225724,0
225725,0
225726,0
225727,0
225728,0
225734,0
225735,0
225736,0
225737,0
225738,0
225739,0
225740,0
225741,0
225742,0
225743,0
225744,0
225745,0
225746,0
225747,0
225748,0
225749,0
225750,0
225751,0
225752,0
225753,0
225754,0
225755,0
225756,0
225757,0
225758,0
225759,0
225762,0
226028,0
226030,0
226031,0
226032,0
226034,0
226035,0
226260,0
226263,0
226269,0
226272,0
226273,0
226294,0
226306,0
226319,0
226321,0
226322,0
226532,0
226563,0
226855,0
226856,0
226857,0
226858,0
226864,0
226865,0
226866,0
226870,0
226872,0
226888,0
226889,0
226890,0
226895,0
226949,0
226950,0
226951,0
227060,0
227061,0
227062,0
227063,0
227321,0
227332,0
227337,0
227343,0
227344,0
227345,0
227346,0
227347,0
227348,0
227360,0
227361,0
227362,0
227363,0
227821,0
227822,0
227823,0
227994,0
227995,0
227998,0
227999,0
228000,0
228003,0
228004,0
228005,0
228008,0
228009,0
228010,0
228012,0
228014,0
228016,0
228020,0
228021,0
228025,0
228026,0
228027,0
228028,0
228030,0
228031,0
228032,0
228033,0
228034,0
228037,0
228038,0
228039,0
228041,0
228042,0
228043,0
228044,0
228045,0
228046,0
228047,0
228049,0
228050,0
228051,0
228084,0
228087,0
228088,0
228089,0
228092,0
228093,0
228095,0
228096,0
228100,0
228101,0
228102,0
228103,0
228104,0
228105,0
228106,0
228107,0
228108,0
228109,0
228111,0
228112,0
228113,0
228114,0
228121,0
228122,0
228123,0
228125,0
228126,0
228127,0
228140,0
228141,0
228346,0
228480,0
228488,0
228493,0
228494,0
228648,0
228649,0
228663,0
228721,0
228812,0
228902,0
23-GNS6-N80X,0
2A-6VC4-1AB4,0
2E-8U6W-KY9B,0
2H-V347-ZPO7,0
2V-K226-CF12,0
2W-FJC1-3739,0
2W-H83X-6CAP,0
33-XBAA-AQK6,0
37-CQW3-BCIN,0
3C-895F-YZOR,0
3C-9M7Y-L14P,0
3I-3M2S-MX9Z,0
3I-GZPK-NTBV,0
3L-UB7O-ZWTA,0
3N-FME5-ZOG8,0
3T-HXBA-KYJ6,0
3U-JE6V-A3HA,0
3U-XJA5-FWNT,0
3V-P4M6-N29K,0
42-EI2C-M7NH,0
45-5O01-61WJ,0
4K-H8US-CE73,0
4L-1C72-840M,0
4M-T2BE-RHMJ,0
53-PWHP-THWH,0
55-Z786-VU7H,0
56-JO91-L20U,0
5B-RMBR-VR8Y,0
5J-R8QD-RG07,0
5P-EKK8-OVZW,0
5S-EQTY-1796,0
61-E8T8-TZQE,0
66-MJBN-0P9W,0
6B-2OT7-774S,0
6S-T3RI-OZED,0
6T-GB20-PW5O,0
6T-LHR0-YRI3,0
6V-O6DC-GC2D,0
6Z-DAV7-CINW,0
70-LCKR-VR0G,0
74-5SX6-ZGN5,0
76-8I8E-YJLJ,0
76-RLHO-59TM,0
7C-3J7T-L2XJ,0
7C-4Y7X-JSCF,0
7E-ZCYY-KQGO,0
7I-QAHI-DRC2,0
7N-7QJT-DU9L,0
7Q-ELLA-UAJZ,0
7Q-LOE8-9N3A,0
7R-3D92-MHJF,0
7V-9VS1-UAWJ,0
7X-6Q3E-H9QP,0
7X-V47C-MNKA,0
81-44B1-O6S6,0
81-IVIN-A6YS,0
83-E69O-RSWW,0
84-GGPW-0JPU,0
86-HGLD-BRDN,0
88-RZLZ-7HO3,0
8A-3QA9-EYO0,0
8B-TLL8-ERAD,0
8E-8YYS-8EKD,0
8K-XG3C-O3NQ,0
8K-YNDP-7HOL,0
8N-SOE1-TPRA,0
8N-Z8SY-3BG0,0
8R-BCN0-BCP7,0
98-1JBW-NRMD,0
9C-C2Q6-G0LA,0
9J-VZNA-UB5Q,0
9Q-JSM6-0QPR,0
9S-SCT8-Y34B,0
9T-UEWF-RS0S,0
9X-5XDY-LH6S,0
A0-XPYF-WS5H,0
A4-PCGP-XR3T,0
A5-XKLO-JJT9,0
A8-0KGL-UZKP,0
AA-BBR5-KYL5,0
AB-W3TI-79ML,0
AC-OYS7-H3HJ,0
AJ-MRMK-A6LC,0
AQ-NGRZ-5859,0
AV-VGHN-XOWA,0
AY-UKCE-EZ3T,0
AY-UU0Q-TNRB,0
B6-HCUZ-FYCK,0
BA-5DI3-XDTF,0
BE-9WCU-3P32,0
BG-FDWG-AYB7,0
BM-0QL3-98GW,0
BM-LHXO-USPL,0
BN-7EQP-EJLV,0
BQ-86KJ-U0BW,0
BT-6C60-Z123,0
BX-9NVJ-Q9P5,0
BZ-WGSI-IY3A,0
C2-E3NO-05UX,0
CP-FHWJ-HTYW,0
CP-JGTK-PRO4,0
CQ-6WL5-JVRF,0
CR-H59U-SR76,0
CW-OSS4-CDY8,0
CY-58I7-4DD5,0
CY-EDYO-FUSN,0
CY-G7GO-RGYC,0
D4-A7F2-B9DT,0
D7-2PRY-HEQA,0
D8-SET2-XFEN,0
D9-UMCE-IAFY,0
DB-MADZ-VX4I,0
DD-LYM9-XS9V,0
DD-PBRR-VR4L,0
DG-AMDI-LT1B,0
DI-TO39-O53T,0
DJ-3R4C-APCB,0
DO-IPJR-0FHQ,0
DP-HIG9-91ZO,0
DQ-2ADI-V4SP,0
DV-VA1H-DT4A,0
E3-BV7A-5KXG,0
E6-4Y4U-XCQW,0
EA-SEH0-IOC4,0
EC-QLAA-HXH1,0
ED-3Z4D-K5GU,0
EP-BLIR-H658,0
EU-N5LY-01PK,0
EV-KI75-CL06,0
F2-E9CO-R4NZ,0
F4-68P0-LANQ,0
F6-XGN5-JS1A,0
F7-PEDM-XKGR,0
FC-WC7Y-57N7,0
FF-2VJI-OCYN,0
FF-ZBPV-7DRT,0
FP-H3HT-5IEZ,0
FS-QA4N-W4PY,0
G3-O4HZ-STY5,0
G7-FX2O-ADF3,0
GA-1VPH-RIAU,0
GC-7ZIR-1CTQ,0
GF-M34Q-G425,0
GH-CIWR-V9X3,0
GI-XD9V-HRKX,0
GK-FHAB-NKBO,0
GN-KENE-P98S,0
GP-3O6Q-DCYY,0
GP-RLWH-MD3C,0
GS-S0R4-GHI4,0
H1-Q05I-2BQT,0
H2-P1JI-57XD,0
H9-CODK-APKV,0
HC-520G-KSXV,0
HC-7WZH-GV11,0
HF-3C5F-54HF,0
HF-8KER-W7OZ,0
HG-S6TC-C84Q,0
HH-CBG3-P7PR,0
HL-G03B-3AH4,0
HN-7DHT-34CZ,0
HO-9O19-B4YK,0
HP-GWWW-RHTW,0
HZ-BHJS-RYPL,0
I4-EBQJ-P6VS,0
IB-VB88-TES0,0
IC-9RAW-P4HM,0
IC-XYPE-FXWW,0
IG-LPN3-EJBK,0
IN-SF2Z-89A5,0
IP-XIZC-J1NW,0
IQ-1WCE-RZM1,0
IR-AEKQ-B3X2,0
IW-4D6V-TB3T,0
J2-WJ9K-9RMP,0
JA-R1YL-EMVH,0
JB-I8HK-4MA9,0
JD-92IE-RD5Q,0
JG-QN1M-O2QT,0
JL-R07G-OBW5,0
JU-6WSM-KU74,0
K4-55WF-YB9V,0
K4-GI4K-I02B,0
K8-4DVC-P6EF,0
KK-VEGU-YA4L,0
KM-GEVG-HEX9,0
KM-W7NI-UJ9V,0
KO-EISS-NO1L,0
KQ-D3IX-DOFU,0
KT-XTBJ-9G7X,0
KX-XI3U-NYTL,0
L6-YF1J-AHKB,0
L7-H12Q-7RS1,0
LA-C6PU-JWLL,0
LI-0MD6-8C2G,0
LI-DV3N-RA9D,0
LO-Q7PF-6GL0,0
LR-62I7-WVR7,0
LT-O8BD-C72G,0
M4-7V7K-TMVZ,0
MD-CIOY-FEKR,0
MM-SBEO-T9JR,0
MN-GFN6-1PN4,0
MP-HSTQ-V3I0,0
MP-K63W-NYTK,0
MT-UK4N-YAVQ,0
MU-IFW4-Z1QV,0
MU-K8XC-KW5J,0
MY-4MI8-PQ2R,0
MZ-3SJY-9DJP,0
N1-CNZS-DB4A,0
N6-YYNO-8I9E,0
N8-9FGD-S12S,0
NL-FS66-ZIOL,0
NO-O1F1-T6M9,0
NP-ESOY-99ZI,0
NS-Z2ED-T22O,0
NU-CC0P-R8RM,0
O4-5ZGC-BDHC,0
O5-8GQW-DBBQ,0
O8-OOJF-EDCX,0
OD-4I22-49BE,0
OE-WVVA-4YIF,0
OF-MV13-3WWT,0
OV-8Z77-CVQS,0
P3-Y0GF-YQBW,0
P5-0SBB-0Q0Z,0
P5-7DJ1-9BAS,0
PE-KPTC-3KS7,0
PF-ENSW-NZAT,0
PO-KJPZ-WBYZ,0
PS-2958-YAWY,0
PS-OBER-AJBK,0
PV-GUUF-NJDD,0
PX-37F2-RBIJ,
PY-OHHU-C3X7,0
PY-OZCX-8OF0,0
Q2-0BT4-XTZ5,0
QC-OILX-J6O8,0
QS-VS6J-72Q2,0
QT-QC7S-64G2,0
QZ-PZEM-RBDP,0
R4-SUT3-CVEU,0
R6-FPNL-HZ26,0
RD-FO6N-HSMV,0
RD-WH16-2FF7,0
RR-15SH-876C,0
RR-7YNK-XPHP,0
RS-9ROG-3H9K,0
S5-83YO-KGN8,0
SC-BTQ8-G40Q,0
SD-O2BQ-WKWP,0
SF-3WNQ-8JGT,0
SH-FP14-7UPY,0
SL-GEFY-3POE,0
SR-IQ15-WE6D,0
ST-4W5Y-GLUR,0
T6-9U8U-4QDB,0
T7-G4TI-4QJJ,0
T7-QDJV-YZ1P,0
T9-NIZX-ZEUB,0
TF-OM2B-76EV,0
TG-5D19-LOYN,0
TJ-P5ND-HYPD,0
TM-G0TO-LOOG,0
TP-AL5M-OAEW,0
TQ-DO8Z-69QW,0
TQ-DTDK-OLZI,0
TQ-XZ3J-LJY5,0
TS-OPYT-TETW,0
U0-0XI0-TK3O,0
U1-5HVV-J73X,0
U2-Z485-QTQ0,0
U4-0H1N-E5IL,0
U6-0WQV-7K04,0
U7-E0JD-L4C7,0
UF-JMUU-41FO,0
UG-87VP-6XCB,0
UI-HTAS-2UVG,0
UK-JPCC-HV2E,0
UL-SGF7-M59A,0
UN-QJHY-BG4V,0
UQ-CX6N-ZCRE,0
UQ-ZQQ6-GV2K,0
UT-PQ10-JW0K,0
UW-EYXC-B2CB,0
V2-7D04-U8EX,0
V4-NKLW-GCIB,0
V6-B0Y4-FP00,0
VC-5UJL-PIIA,0
VD-5AW2-A766,0
VE-4QPC-14J0,0
VG-3J37-1S2Q,0
VO-VGYY-2VKW,0
VV-JSMP-CQ6A,0
VV-PT5A-CYGR,0
VV-ZH07-GVH8,0
VW-JUK8-4K0E,0
VX-3SH7-S2Q4,0
VX-PGRO-MH29,0
VZ-JYWE-295P,0
W1-36MK-UL07,0
W4-KMTY-XVQC,0
W6-6UZ2-3GAD,0
W8-2KYQ-P4VP,0
WC-ZSTT-3QY9,0
WH-SFT0-Z15N,0
WI-TGBV-JWAL,0
WL-9GOF-ZM5W,0
WM-J0TY-TFWU,0
WN-GRIV-BIW7,0
WP-RHGY-KZO1,0
WR-PPJ7-00OG,0
WR-VYCH-DIYL,0
WS-OF4H-SP53,0
WT-2TN4-E2GG,0
WT-GD8D-VABM,0
WT-TYCG-YYOH,0
WU-B0O7-BWE7,0
WV-NAWO-2CG8,0
WX-PSY2-BY62,0
X1-7CYZ-RZCV,0
X1-UC3W-7Q7E,0
X3-Q2D3-BO6J,0
X8-9LHN-H9N2,0
XC-41MF-M2C0,0
XC-B4JN-HCRP,0
XE-JGOT-R9PZ,0
XI-65TH-ZFKT,0
XK-L43T-YU3C,0
XM-4V4O-IKXZ,0
XP-S89E-EWX7,0
XR-0DZ5-Y3H2,0
XT-XP94-52FV,0
Y3-98AS-ZTY4,0
Y6-QZSD-7NPD,0
YA-2JBJ-JA2W,0
YD-DOCP-ATT1,0
YE-I64L-VTFJ,0
YI-UURE-BVHI,0
YM-WNKY-U7O4,0
YR-9FG6-0UFQ,0
YR-SXBL-3P6S,0
YU-DSXY-MUW4,0
YW-9SO2-HPER,0
YY-D0DU-SMA8,0
Z1-624W-JV3Y,0
ZI-S71Z-9BXV,0
ZJ-GR8Q-XDED,0
ZJ-K9UO-6NV8,0
ZQ-3782-P2ZG,0
ZR-WRY6-PZBQ,0
ZT-9L6B-B91T,0
